Comment,Designator,Footprint,LCSC,Quantity
C113280 - SN74LVC573APWR,U17,C113280-TSSOP-20_L6.5-W4.4-P0.65-LS6.4-BL,C113280,1
C114502 - M24C02-FDW,U14,C114502-SOIC-8_L4.9-W3.9-P1.27-LS6.0-BL,C114502,1
10u 16V Tant,"C20,C60",C119051-CASE-A_3216,C119051,2
10 1%,"R30,R31,R43,R44,R6,R7",R_0402_1005Metric,C138066,6
10n 50V X7R,"C57,C63,C74",C_0402_1005Metric,C15195,3
100p 50V C0G,"C11,C23,C29,C37,C46,C67,C78,C8",C_0402_1005Metric,C1546,8
C1554484-DAC8555IPW,U6,C1554484-TSSOP-16_L5.0-W4.4-P0.65-LS6.4-TL,C1554484,1
C157411-LD29150DT50R,U7,C157411-TO-252-3_L6.5-W5.8-P4.58-BL,C157411,1
6.8uH,L8,C177249-IND-SMD_L5.4-W5.2_FXL0530,C177249,1
C1855802-INA293B2IDBVR,"U21,U25,U3",C1855802-SOT-23-5_L2.9-W1.6-P0.95-LS2.8-BR,C1855802,3
C2071868-AP63200WU-7,"U10,U11",C2071868-SOT-23-6_L2.9-W1.6-P0.95-LS2.8-BR,C2071868,2
C207245-SD15C-01FTG,U5,C207245-SOD-323_L1.7-W1.3-LS2.5-BI-1,C207245,1
22n C0G,"C6,C64,C75",C_0805_2012Metric,C2181592,3
C22461594 - PCF8574AP,U15,C22461594-TSSOP-16_L5.0-W4.4-P0.65-LS6.4-BL-1,C22461594,1
22uH >0.5A,"L3,L7",L_1812_4532Metric,C22469096,2
C22469958 - 74LVC1GU04,U16,C22469958-SOT-353-5_L2.1-W1.3-P0.65-LS2.3-BL,C22469958,1
100 1%,R9,R_0402_1005Metric,C25076,1
R33_Pack,"RN3,RN4",C25508-RES-ARRAY-SMD_0603-8P-L3.2-W1.6-BL,C25508,2
C259972-LM1084S-3.3_TR,U20,C259972-TO-263-3_L8.6-W10.2-P2.54-LS14.4-TL,C259972,1
C2653336-74FCT521CTSOG8,U13,C2653336-SOIC127P1032X265-20N,C2653336,1
C2687965-OPA548FKTWT,"U1,U22,U26",C2687965-TO-263-7_L10.2-W8.9-P1.27-LS15.2-BL,C2687965,3
100u 35V Alum,C16,C2887272-CAP-SMD_BD6.3-L6.6-W6.6-LS7.2-FD_3,C2887272,1
10k 1%,"R1,R10,R15,R16,R17,R2,R24,R26,R37,R39,R8",R_0402_1005Metric,C2906861,11
1k 5%,"R18,R19,R20,R21,R33,R34,R35,R36,R46,R47,R48,R49",R_0402_1005Metric,C2906899,12
30k 1%,R12,R_0402_1005Metric,C2909347,1
62k 1%,R13,R_0402_1005Metric,C2909375,1
C29718-R10k_Pack04,"RN1,RN2",C29718-RES-ARRAY-SMD_0603-8P-L3.2-W1.6-BL,C29718,2
196k 1%,"R11,R14",R_0402_1005Metric,C3013157,2
453k 1%,"R28,R4,R41",R_0402_1005Metric,C3013172,3
10u 25V X7R,"C10,C13,C19,C2,C21,C3,C30,C32,C33,C34,C40,C41,C42,C43,C49,C58,C68,C70,C71,C79,C81,C82",C_0805_2012Metric,C3039694,22
C306220-826925-6,J3,C306220-CONN-TH_12P-P2.54_826925-6,C306220,1
100n 50V X7R,"C1,C12,C17,C18,C22,C24,C27,C28,C35,C36,C44,C45,C50,C51,C52,C54,C59,C61,C66,C69,C77,C80,C9",C_0402_1005Metric,C307331,23
1n 50V C0G,C26,C_0402_1005Metric,C307441,1
4k02 1%,"R22,R25,R38",R_0402_1005Metric,C324800,3
C3697-WJ2EDGRC-5.08-02P-14-00A,"CN1,CN3,CN5,CN7",C3697-CONN-TH_2P-P5.08_WJ2EDGRC-5.08-2P,C3697,4
100u 16V Alum,C31,C37308-CAP-SMD_BD6.3-L6.6-W6.6-LS7.2-FD,C37308,1
2200u 35V Alum,"C15,C4,C72,C83",C3829879-CAP-SMD_BD16.0-L17.0-W17.0-LS18.0-FD,C3829879,4
C458084-DS-08RP,SW1,C458084-SW-TH_DS-08RP,C458084,1
Conn_01x02,J2,C492401-HDR-TH_2P-P2.54-V-M,C492401,1
C506609-SISS27DN-T1-GE3,U2,C506609-POWERPAK-1212-8_L3.3-W3.3-P0.65-BL-EP,C506609,1
C50793 - NC7WZ14P6X,U12,C50793-SC-70-6_L2.2-W1.3-P0.65-LS2.2-BR,C50793,1
C511854-SS54SMB,"D1,D10,D11,D12,D13,D14,D15,D2,D3,D4,D5,D6,D7,D8,D9",C511854-SMB_L4.6-W3.6-LS5.3-RD,C511854,15
C5173361-DIN41612-CONN-TH_96P,J1,C5173361-DIN41612-96P,C5173361,1
33uH,L2,L_0603_1608Metric,C5339211,1
10uH,L5,C540965-IND-SMD_L6.5-W6.5_VISHAY,C540965,1
"C550069-BZB784-C15,115","U23,U27,U4",C550069-SOT-323-3_L2.0-W1.3-P1.30-LS2.1-BR,C550069,3
C637542-MIC4428YM,"U19,U24,U28",C637542-SOIC-8_L4.9-W3.9-P1.27-LS6.0-BL,C637542,3
C659573-ADR443BRZ-REEL7,U8,C659573-SOIC-8_L4.9-W3.9-P1.27-LS6.0-BL,C659573,1
C71370-WJ2EDGK-5.08-02P-14-00A,"CN2,CN4,CN6,CN8",C71370-FL_001,C71370,4
C7220836-BSC010N04LS6ATMA1,"T1,T10,T11,T12,T2,T3,T4,T5,T6,T7,T8,T9",C7220836-TDSON-8_L6.0-W5.0-P1.27-LS6.2-BL_1,C7220836,12
3.3u 25V X7R,"C65,C7,C76",C_0805_2012Metric,C7393948,3
0.02 1W 1%,"R32,R45,R5",R_1206_3216Metric,C7420010,3
22u 16V X7R,"C38,C39",C_1206_3216Metric,C7472972,2
1u 10V X7R,"C25,C53,C55,C56",C_0402_1005Metric,C7500381,4
C7835-SN74LVC1G14DBVR,U18,C7835-SOT-23-5_L3.0-W1.7-P0.95-LS2.8-BR,C7835,1
22uH,"L6,L9",C842901-IND-SMD_L7.0-W6.6,C842901,2
C85832-BLM18KG331SN1D,"L1,L10,L4",C85832-L0603,C85832,3
15p 50V C0G,C14,C_0402_1005Metric,C880657,1
C907854-SD12C,U9,C907854-SOD-323_L1.7-W1.3-LS2.5-BI,C907854,1
22u 10V X7R,"C47,C48",C_0805_2012Metric,C907991,2
C965863-XL-1606UGC,D29,C965863-LED-SMD_L1.7-W1.1-R-RD_ORANGE,C965863,1
