Designator,Val,Package,Mid X,Mid Y,Rotation,Layer
C1,100n 50V X7R,C_0402_1005Metric,117.2,-79.78,-90.0,top
C10,10u 25V X7R,C_0805_2012Metric,90.1875,-65.8,180.0,top
C11,100p 50V C0G,C_0402_1005Metric,63.06,-62.06,-90.0,top
C12,100n 50V X7R,C_0402_1005Metric,61.56,-62.08,-90.0,top
C13,10u 25V X7R,C_0805_2012Metric,62.6,-58.9,90.0,top
C14,15p 50V C0G,C_0402_1005Metric,184.3,-110.52,90.0,top
C15,2200u 35V Alum,C3829879-CAP-SMD_BD16.0-L17.0-W17.0-LS18.0-FD,75.8,-60.6,0.0,top
C16,100u 35V Alum,C2887272-CAP-SMD_BD6.3-L6.6-W6.6-LS7.2-FD_3,195.40005,-56.149873,180.0,top
C17,100n 50V X7R,C_0402_1005Metric,163.12,-92.1,180.0,top
C18,100n 50V X7R,C_0402_1005Metric,163.12,-93.4,180.0,top
C19,10u 25V X7R,C_0805_2012Metric,162.35,-90.4,180.0,top
C2,10u 25V X7R,C_0805_2012Metric,117.6,-76.95,90.0,top
C20,10u 16V Tant,C119051-CASE-A_3216,162.000102,-95.3,180.0,top
C21,10u 25V X7R,C_0805_2012Metric,162.149949,-109.964999,180.0,top
C22,100n 50V X7R,C_0402_1005Metric,162.669949,-111.864999,180.0,top
C23,100p 50V C0G,C_0402_1005Metric,173.0,-108.0,0.0,top
C24,100n 50V X7R,C_0402_1005Metric,173.0,-109.4,0.0,top
C25,1u 10V X7R,C_0402_1005Metric,173.0,-110.84,0.0,top
C26,1n 50V C0G,C_0402_1005Metric,173.0,-112.2,0.0,top
C27,100n 50V X7R,C_0402_1005Metric,170.12,-116.25,180.0,top
C28,100n 50V X7R,C_0402_1005Metric,162.529949,-104.664999,180.0,top
C29,100p 50V C0G,C_0402_1005Metric,162.529949,-102.764999,180.0,top
C3,10u 25V X7R,C_0805_2012Metric,119.9,-76.95,90.0,top
C30,10u 25V X7R,C_0805_2012Metric,164.8,-103.3,90.0,top
C31,100u 16V Alum,C37308-CAP-SMD_BD6.3-L6.6-W6.6-LS7.2-FD,170.699949,-103.000127,0.0,top
C32,10u 25V X7R,C_0805_2012Metric,195.1,-62.45,-90.0,top
C33,10u 25V X7R,C_0805_2012Metric,192.09,-62.45,-90.0,top
C34,10u 25V X7R,C_0805_2012Metric,174.35,-56.6,90.0,top
C35,100n 50V X7R,C_0402_1005Metric,176.05,-57.07,90.0,top
C36,100n 50V X7R,C_0402_1005Metric,181.694968,-55.974981,-90.0,top
C37,100p 50V C0G,C_0402_1005Metric,179.194968,-53.954981,180.0,top
C38,22u 16V X7R,C_1206_3216Metric,193.64,-79.655,-90.0,top
C39,22u 16V X7R,C_1206_3216Metric,196.99,-79.655,-90.0,top
C4,2200u 35V Alum,C3829879-CAP-SMD_BD16.0-L17.0-W17.0-LS18.0-FD,130.206655,-80.6,0.0,top
C40,10u 25V X7R,C_0805_2012Metric,181.59,-79.23,-90.0,top
C41,10u 25V X7R,C_0805_2012Metric,196.93,-70.55,-90.0,top
C42,10u 25V X7R,C_0805_2012Metric,193.82,-70.55,-90.0,top
C43,10u 25V X7R,C_0805_2012Metric,181.11,-69.77,-90.0,top
C44,100n 50V X7R,C_0402_1005Metric,182.91,-69.0,-90.0,top
C45,100n 50V X7R,C_0402_1005Metric,174.81,-70.32,90.0,top
C46,100p 50V C0G,C_0402_1005Metric,177.41,-72.52,0.0,top
C47,22u 10V X7R,C_0805_2012Metric,178.48,-82.74,90.0,top
C48,22u 10V X7R,C_0805_2012Metric,174.420102,-78.1,180.0,top
C49,10u 25V X7R,C_0805_2012Metric,166.58,-82.04,90.0,top
C50,100n 50V X7R,C_0402_1005Metric,186.4,-117.0,180.0,top
C51,100n 50V X7R,C_0402_1005Metric,184.7,-117.18,90.0,top
C52,100n 50V X7R,C_0402_1005Metric,174.999745,-122.099898,-90.0,top
C53,1u 10V X7R,C_0402_1005Metric,197.3,-139.4,180.0,top
C54,100n 50V X7R,C_0402_1005Metric,193.0,-113.6,0.0,top
C55,1u 10V X7R,C_0402_1005Metric,186.2,-147.5,0.0,top
C56,1u 10V X7R,C_0402_1005Metric,173.729745,-122.099898,-90.0,top
C57,10n 50V X7R,C_0402_1005Metric,112.4,-72.9,0.0,top
C58,10u 25V X7R,C_0805_2012Metric,195.35,-86.7,180.0,top
C59,100n 50V X7R,C_0402_1005Metric,195.82,-88.7,180.0,top
C6,22n C0G,C_0805_2012Metric,117.0,-86.7,90.0,top
C60,10u 16V Tant,C119051-CASE-A_3216,194.799898,-103.6,180.0,top
C61,100n 50V X7R,C_0402_1005Metric,195.82,-101.7,180.0,top
C63,10n 50V X7R,C_0402_1005Metric,112.82,-101.2,0.0,top
C64,22n C0G,C_0805_2012Metric,117.2,-114.95,90.0,top
C65,3.3u 25V X7R,C_0805_2012Metric,91.7,-107.2,0.0,top
C66,100n 50V X7R,C_0402_1005Metric,117.0,-108.08,-90.0,top
C67,100p 50V C0G,C_0402_1005Metric,88.75,-99.5,180.0,top
C68,10u 25V X7R,C_0805_2012Metric,117.6,-105.2,90.0,top
C69,100n 50V X7R,C_0402_1005Metric,88.77,-100.8,180.0,top
C7,3.3u 25V X7R,C_0805_2012Metric,92.4375,-75.3,0.0,top
C70,10u 25V X7R,C_0805_2012Metric,120.01,-105.2,90.0,top
C71,10u 25V X7R,C_0805_2012Metric,89.55,-97.6,180.0,top
C72,2200u 35V Alum,C3829879-CAP-SMD_BD16.0-L17.0-W17.0-LS18.0-FD,130.206655,-109.0,0.0,top
C74,10n 50V X7R,C_0402_1005Metric,113.828561,-131.124686,0.0,top
C75,22n C0G,C_0805_2012Metric,116.706655,-144.6,90.0,top
C76,3.3u 25V X7R,C_0805_2012Metric,91.150013,-134.697892,0.0,top
C77,100n 50V X7R,C_0402_1005Metric,116.848561,-138.004686,-90.0,top
C78,100p 50V C0G,C_0402_1005Metric,88.02,-128.1,180.0,top
C79,10u 25V X7R,C_0805_2012Metric,119.748561,-135.124686,90.0,top
C8,100p 50V C0G,C_0402_1005Metric,89.3575,-68.9,180.0,top
C80,100n 50V X7R,C_0402_1005Metric,88.02,-126.8,180.0,top
C81,10u 25V X7R,C_0805_2012Metric,117.348561,-135.124686,90.0,top
C82,10u 25V X7R,C_0805_2012Metric,88.85,-125.1,180.0,top
C83,2200u 35V Alum,C3829879-CAP-SMD_BD16.0-L17.0-W17.0-LS18.0-FD,130.206655,-139.0,0.0,top
C9,100n 50V X7R,C_0402_1005Metric,89.3575,-67.6,180.0,top
CN1,C3697-WJ2EDGRC-5.08-02P-14-00A,C3697-CONN-TH_2P-P5.08_WJ2EDGRC-5.08-2P,53.5,-60.0,-90.0,top
CN2,C71370-WJ2EDGK-5.08-02P-14-00A,C71370-FL_001,65.9,-70.6,180.0,top
CN3,C3697-WJ2EDGRC-5.08-02P-14-00A,C3697-CONN-TH_2P-P5.08_WJ2EDGRC-5.08-2P,53.5,-86.666667,-90.0,top
CN4,C71370-WJ2EDGK-5.08-02P-14-00A,C71370-FL_001,65.954997,-95.845003,180.0,top
CN5,C3697-WJ2EDGRC-5.08-02P-14-00A,C3697-CONN-TH_2P-P5.08_WJ2EDGRC-5.08-2P,53.5,-113.333333,-90.0,top
CN6,C71370-WJ2EDGK-5.08-02P-14-00A,C71370-FL_001,65.9,-122.4,180.0,top
CN7,C3697-WJ2EDGRC-5.08-02P-14-00A,C3697-CONN-TH_2P-P5.08_WJ2EDGRC-5.08-2P,53.5,-140.0,-90.0,top
CN8,C71370-WJ2EDGK-5.08-02P-14-00A,C71370-FL_001,65.9,-147.5,0.0,top
D1,C511854-SS54SMB,C511854-SMB_L4.6-W3.6-LS5.3-RD,119.0,-71.5,180.0,top
D10,C511854-SS54SMB,C511854-SMB_L4.6-W3.6-LS5.3-RD,119.3,-99.4,180.0,top
D11,C511854-SS54SMB,C511854-SMB_L4.6-W3.6-LS5.3-RD,73.839319,-126.3,180.0,top
D12,C511854-SS54SMB,C511854-SMB_L4.6-W3.6-LS5.3-RD,64.239319,-126.3,0.0,top
D13,C511854-SS54SMB,C511854-SMB_L4.6-W3.6-LS5.3-RD,73.939319,-143.6,180.0,top
D14,C511854-SS54SMB,C511854-SMB_L4.6-W3.6-LS5.3-RD,64.239319,-143.6,0.0,top
D15,C511854-SS54SMB,C511854-SMB_L4.6-W3.6-LS5.3-RD,118.906655,-129.2,180.0,top
D2,C511854-SS54SMB,C511854-SMB_L4.6-W3.6-LS5.3-RD,73.9254,-74.859156,180.0,top
D29,C965863-XL-1606UGC,C965863-LED-SMD_L1.7-W1.1-R-RD_ORANGE,182.2,-103.75,0.0,top
D3,C511854-SS54SMB,C511854-SMB_L4.6-W3.6-LS5.3-RD,73.9254,-92.459156,180.0,top
D4,C511854-SS54SMB,C511854-SMB_L4.6-W3.6-LS5.3-RD,64.3254,-74.859156,0.0,top
D5,C511854-SS54SMB,C511854-SMB_L4.6-W3.6-LS5.3-RD,64.3254,-92.459156,0.0,top
D6,C511854-SS54SMB,C511854-SMB_L4.6-W3.6-LS5.3-RD,73.9746,-99.8,180.0,top
D7,C511854-SS54SMB,C511854-SMB_L4.6-W3.6-LS5.3-RD,64.2746,-99.8,0.0,top
D8,C511854-SS54SMB,C511854-SMB_L4.6-W3.6-LS5.3-RD,73.9746,-117.3,180.0,top
D9,C511854-SS54SMB,C511854-SMB_L4.6-W3.6-LS5.3-RD,64.4746,-117.334448,0.0,top
J1,C5173361-DIN41612-CONN-TH_96P,C5173361-DIN41612-96P,207.206299,-100.0,90.0,top
J2,Conn_01x02,C492401-HDR-TH_2P-P2.54-V-M,190.3,-139.1,180.0,top
J3,C306220-826925-6,C306220-CONN-TH_12P-P2.54_826925-6,97.529997,-57.470003,0.0,top
L1,C85832-BLM18KG331SN1D,C85832-L0603,157.600102,-134.7,0.0,top
L10,C85832-BLM18KG331SN1D,C85832-L0603,178.1,-115.3,0.0,top
L2,33uH,L_0603_1608Metric,162.999949,-107.052499,-90.0,top
L3,22uH >0.5A,L_1812_4532Metric,186.3,-62.75,180.0,top
L4,C85832-BLM18KG331SN1D,C85832-L0603,155.7,-102.8,0.0,top
L5,10uH,C540965-IND-SMD_L6.5-W6.5_VISHAY,186.2,-56.1,90.0,top
L6,22uH,C842901-IND-SMD_L7.0-W6.6,187.589898,-78.33,180.0,top
L7,22uH >0.5A,L_1812_4532Metric,189.03,-70.5,180.0,top
L8,6.8uH,C177249-IND-SMD_L5.4-W5.2_FXL0530,171.21,-70.32,-90.0,top
L9,22uH,C842901-IND-SMD_L7.0-W6.6,172.38,-82.99,180.0,top
R1,10k 1%,R_0402_1005Metric,155.9,-97.1,180.0,top
R10,10k 1%,R_0402_1005Metric,170.12,-117.53,180.0,top
R11,196k 1%,R_0402_1005Metric,181.29,-52.8,0.0,top
R12,30k 1%,R_0402_1005Metric,176.994968,-53.954981,0.0,top
R13,62k 1%,R_0402_1005Metric,179.51,-72.52,180.0,top
R14,196k 1%,R_0402_1005Metric,177.4,-73.72,180.0,top
R15,10k 1%,R_0402_1005Metric,192.4,-142.2,90.0,top
R16,10k 1%,R_0402_1005Metric,192.4,-145.9,-90.0,top
R17,10k 1%,R_0402_1005Metric,197.3,-140.6,180.0,top
R18,1k 5%,R_0402_1005Metric,79.49,-78.0,180.0,top
R19,1k 5%,R_0402_1005Metric,79.49,-89.2,180.0,top
R2,10k 1%,R_0402_1005Metric,100.69,-85.9,0.0,top
R20,1k 5%,R_0402_1005Metric,79.49,-90.7,180.0,top
R21,1k 5%,R_0402_1005Metric,79.49,-76.6,180.0,top
R22,4k02 1%,R_0402_1005Metric,115.8,-79.8,-90.0,top
R24,10k 1%,R_0402_1005Metric,101.0,-114.0,0.0,top
R25,4k02 1%,R_0402_1005Metric,115.6,-108.1,-90.0,top
R26,10k 1%,R_0402_1005Metric,155.69,-111.2,180.0,top
R28,453k 1%,R_0402_1005Metric,111.89,-115.6,0.0,top
R30,10 1%,R_0402_1005Metric,93.1,-109.39,90.0,top
R31,10 1%,R_0402_1005Metric,90.3,-109.39,90.0,top
R32,0.02 1W 1%,R_1206_3216Metric,91.7,-111.7,0.0,top
R33,1k 5%,R_0402_1005Metric,79.49,-102.8,180.0,top
R34,1k 5%,R_0402_1005Metric,79.482553,-114.297621,180.0,top
R35,1k 5%,R_0402_1005Metric,79.482553,-115.6,180.0,top
R36,1k 5%,R_0402_1005Metric,79.49,-101.5,180.0,top
R37,10k 1%,R_0402_1005Metric,101.106655,-144.0,0.0,top
R38,4k02 1%,R_0402_1005Metric,115.548561,-138.024686,-90.0,top
R39,10k 1%,R_0402_1005Metric,159.1,-119.75,180.0,top
R4,453k 1%,R_0402_1005Metric,112.475,-87.5,0.0,top
R41,453k 1%,R_0402_1005Metric,111.306655,-145.5,0.0,top
R43,10 1%,R_0402_1005Metric,92.550013,-136.987892,90.0,top
R44,10 1%,R_0402_1005Metric,89.750013,-136.987892,90.0,top
R45,0.02 1W 1%,R_1206_3216Metric,91.150013,-139.297892,0.0,top
R46,1k 5%,R_0402_1005Metric,79.482553,-130.4,180.0,top
R47,1k 5%,R_0402_1005Metric,79.482553,-140.5,180.0,top
R48,1k 5%,R_0402_1005Metric,79.482553,-141.8,180.0,top
R49,1k 5%,R_0402_1005Metric,79.482553,-129.1,180.0,top
R5,0.02 1W 1%,R_1206_3216Metric,92.4375,-79.9,0.0,top
R6,10 1%,R_0402_1005Metric,93.8375,-77.49,90.0,top
R7,10 1%,R_0402_1005Metric,91.0375,-77.5,90.0,top
R8,10k 1%,R_0402_1005Metric,60.2,-57.29,-90.0,top
R9,100 1%,R_0402_1005Metric,186.0,-111.0,0.0,top
RN1,C29718-R10k_Pack04,C29718-RES-ARRAY-SMD_0603-8P-L3.2-W1.6-BL,165.4,-133.3,0.0,top
RN2,C29718-R10k_Pack04,C29718-RES-ARRAY-SMD_0603-8P-L3.2-W1.6-BL,170.4,-133.3,0.0,top
RN3,R33_Pack,C25508-RES-ARRAY-SMD_0603-8P-L3.2-W1.6-BL,189.0,-106.9,-90.0,top
RN4,R33_Pack,C25508-RES-ARRAY-SMD_0603-8P-L3.2-W1.6-BL,189.0,-111.4,-90.0,top
SW1,C458084-DS-08RP,C458084-SW-TH_DS-08RP,170.509982,-142.589992,180.0,top
T1,C7220836-BSC010N04LS6ATMA1,C7220836-TDSON-8_L6.0-W5.0-P1.27-LS6.2-BL_1,73.889573,-80.427,-90.0,top
T10,C7220836-BSC010N04LS6ATMA1,C7220836-TDSON-8_L6.0-W5.0-P1.27-LS6.2-BL_1,64.250546,-131.732156,90.0,top
T11,C7220836-BSC010N04LS6ATMA1,C7220836-TDSON-8_L6.0-W5.0-P1.27-LS6.2-BL_1,73.840792,-138.140768,-90.0,top
T12,C7220836-BSC010N04LS6ATMA1,C7220836-TDSON-8_L6.0-W5.0-P1.27-LS6.2-BL_1,64.250546,-138.132156,90.0,top
T2,C7220836-BSC010N04LS6ATMA1,C7220836-TDSON-8_L6.0-W5.0-P1.27-LS6.2-BL_1,73.926873,-86.899924,-90.0,top
T3,C7220836-BSC010N04LS6ATMA1,C7220836-TDSON-8_L6.0-W5.0-P1.27-LS6.2-BL_1,64.311227,-80.391312,90.0,top
T4,C7220836-BSC010N04LS6ATMA1,C7220836-TDSON-8_L6.0-W5.0-P1.27-LS6.2-BL_1,64.323927,-86.891312,90.0,top
T5,C7220836-BSC010N04LS6ATMA1,C7220836-TDSON-8_L6.0-W5.0-P1.27-LS6.2-BL_1,73.901473,-105.277,-90.0,top
T6,C7220836-BSC010N04LS6ATMA1,C7220836-TDSON-8_L6.0-W5.0-P1.27-LS6.2-BL_1,64.335827,-105.268388,90.0,top
T7,C7220836-BSC010N04LS6ATMA1,C7220836-TDSON-8_L6.0-W5.0-P1.27-LS6.2-BL_1,73.901473,-111.840768,-90.0,top
T8,C7220836-BSC010N04LS6ATMA1,C7220836-TDSON-8_L6.0-W5.0-P1.27-LS6.2-BL_1,64.460427,-111.832156,90.0,top
T9,C7220836-BSC010N04LS6ATMA1,C7220836-TDSON-8_L6.0-W5.0-P1.27-LS6.2-BL_1,73.816192,-131.740768,-90.0,top
U1,C2687965-OPA548FKTWT,C2687965-TO-263-7_L10.2-W8.9-P1.27-LS15.2-BL,106.248625,-79.170003,90.0,top
U10,C2071868-AP63200WU-7,C2071868-SOT-23-6_L2.9-W1.6-P0.95-LS2.8-BR,178.894968,-56.554981,180.0,top
U11,C2071868-AP63200WU-7,C2071868-SOT-23-6_L2.9-W1.6-P0.95-LS2.8-BR,177.61,-69.82,0.0,top
U12,C50793 - NC7WZ14P6X,C50793-SC-70-6_L2.2-W1.3-P0.65-LS2.2-BR,182.6,-119.9,0.0,top
U13,C2653336-74FCT521CTSOG8,C2653336-SOIC127P1032X265-20N,192.3,-123.8,90.0,top
U14,C114502 - M24C02-FDW,C114502-SOIC-8_L4.9-W3.9-P1.27-LS6.0-BL,196.9,-144.7,-90.0,top
U15,C22461594 - PCF8574AP,C22461594-TSSOP-16_L5.0-W4.4-P0.65-LS6.4-BL-1,186.3,-143.8,90.0,top
U16,C22469958 - 74LVC1GU04,C22469958-SOT-353-5_L2.1-W1.3-P0.65-LS2.3-BL,185.5,-102.5,90.0,top
U17,C113280 - SN74LVC573APWR,C113280-TSSOP-20_L6.5-W4.4-P0.65-LS6.4-BL,195.4,-109.2,90.0,top
U18,C7835-SN74LVC1G14DBVR,C7835-SOT-23-5_L3.0-W1.7-P0.95-LS2.8-BR,175.199898,-118.949962,0.0,top
U19,C637542-MIC4428YM,C637542-SOIC-8_L4.9-W3.9-P1.27-LS6.0-BL,82.2,-83.6,90.0,top
U2,C506609-SISS27DN-T1-GE3,C506609-POWERPAK-1212-8_L3.3-W3.3-P0.65-BL-EP,58.51,-60.63,90.0,top
U20,C259972-LM1084S-3.3_TR,C259972-TO-263-3_L8.6-W10.2-P2.54-LS14.4-TL,189.819971,-95.1,180.0,top
U21,C1855802-INA293B2IDBVR,C1855802-SOT-23-5_L2.9-W1.6-P0.95-LS2.8-BR,91.65,-100.732586,90.0,top
U22,C2687965-OPA548FKTWT,C2687965-TO-263-7_L10.2-W8.9-P1.27-LS15.2-BL,106.248625,-107.4,90.0,top
U23,"C550069-BZB784-C15,115",C550069-SOT-323-3_L2.0-W1.3-P1.30-LS2.1-BR,91.7,-104.4,-90.0,top
U24,C637542-MIC4428YM,C637542-SOIC-8_L4.9-W3.9-P1.27-LS6.0-BL,82.2,-108.0,90.0,top
U25,C1855802-INA293B2IDBVR,C1855802-SOT-23-5_L2.9-W1.6-P0.95-LS2.8-BR,91.1,-128.200076,90.0,top
U26,C2687965-OPA548FKTWT,C2687965-TO-263-7_L10.2-W8.9-P1.27-LS15.2-BL,106.248625,-137.424686,90.0,top
U27,"C550069-BZB784-C15,115",C550069-SOT-323-3_L2.0-W1.3-P1.30-LS2.1-BR,91.150013,-131.897892,-90.0,top
U28,C637542-MIC4428YM,C637542-SOIC-8_L4.9-W3.9-P1.27-LS6.0-BL,82.2,-135.0,90.0,top
U3,C1855802-INA293B2IDBVR,C1855802-SOT-23-5_L2.9-W1.6-P0.95-LS2.8-BR,92.4375,-68.900076,90.0,top
U4,"C550069-BZB784-C15,115",C550069-SOT-323-3_L2.0-W1.3-P1.30-LS2.1-BR,92.4375,-72.5,-90.0,top
U5,C207245-SD15C-01FTG,C207245-SOD-323_L1.7-W1.3-LS2.5-BI-1,58.804978,-65.2,0.0,top
U6,C1554484-DAC8555IPW,C1554484-TSSOP-16_L5.0-W4.4-P0.65-LS6.4-TL,164.7,-118.124879,0.0,top
U7,C157411-LD29150DT50R,C157411-TO-252-3_L6.5-W5.8-P4.58-BL,170.590024,-93.0,-90.0,top
U8,C659573-ADR443BRZ-REEL7,C659573-SOIC-8_L4.9-W3.9-P1.27-LS6.0-BL,168.0,-110.2,-90.0,top
U9,C907854-SD12C,C907854-SOD-323_L1.7-W1.3-LS2.5-BI,198.1,-62.45,90.0,top
